transaction_id,order_id,timestamp,type,amount_inr,fee_inr,tax_inr,settled_amount_inr,status,method,exception_flag,merchant_id,store_id
pay_95822412,order_24942603,01-08-2026 23:17,PAYMENT,1232.01,24.64,4.44,1202.93,captured,upi,NO,flipkart,fk_delhi
pay_89254563,order_66629388,02-08-2026 00:05,PAYMENT,1101.0,22.02,3.96,1075.02,captured,wallet,NO,flipkart,fk_kolkata
pay_39587039,order_70291817,19-08-2026 08:51,PAYMENT,4347.81,86.96,15.65,4245.2,captured,netbanking,NO,flipkart,fk_kolkata
pay_30868105,order_38898923,11-08-2026 03:05,PAYMENT,1905.84,38.12,6.86,1860.86,captured,upi,NO,flipkart,fk_mumbai
pay_71662963,order_81971316,04-08-2026 12:05,PAYMENT,2764.68,55.29,9.95,2699.44,captured,card,NO,flipkart,fk_kolkata
pay_19335534,order_16150444,08-08-2026 09:05,PAYMENT,4278.04,85.56,15.4,4177.08,captured,netbanking,NO,flipkart,fk_bangalore
pay_31831063,order_59684848,12-08-2026 06:42,PAYMENT,1342.22,26.84,4.83,1310.55,captured,card,NO,flipkart,fk_kolkata
pay_81691040,order_42857966,06-08-2026 14:24,PAYMENT,1357.04,27.14,4.89,1325.01,captured,netbanking,NO,flipkart,fk_delhi
pay_17507864,order_40742311,02-08-2026 10:25,PAYOUT,1346.03,5.0,0.9,-1351.93,processed,netbanking,NO,flipkart,fk_delhi
pay_38538251,order_97971488,16-08-2026 12:56,PAYMENT,4573.59,91.47,16.46,4465.66,captured,netbanking,NO,flipkart,fk_kolkata
pay_88461803,order_67503414,19-08-2026 12:23,PAYMENT,1104.41,22.09,3.98,1078.34,captured,upi,NO,flipkart,fk_kolkata
pay_24716857,order_30514014,21-08-2026 05:50,PAYMENT,3405.6,102.16,12.26,3325.23,captured,wallet,YES,flipkart,fk_mumbai
pay_81016525,order_43744231,18-08-2026 00:43,PAYMENT,3606.4,72.13,12.98,3521.29,captured,netbanking,NO,flipkart,fk_mumbai
pay_24972279,order_49392920,14-08-2026 05:29,PAYMENT,26.19,0.52,0.09,25.58,failed,card,NO,flipkart,fk_kolkata
pay_78139880,order_24282218,21-08-2026 09:53,PAYMENT,3198.36,63.97,11.51,3122.88,captured,upi,NO,flipkart,fk_delhi
pay_90388981,order_53507489,16-08-2026 00:07,REFUND,4646.2,92.92,16.73,-4646.2,refunded,netbanking,NO,flipkart,fk_mumbai
pay_42138745,order_17774584,08-08-2026 18:05,PAYMENT,437.41,8.75,1.57,427.09,captured,card,NO,flipkart,fk_mumbai
pay_27232410,order_98550256,16-08-2026 17:10,PAYMENT,1332.63,26.65,4.8,1301.18,captured,card,NO,flipkart,fk_bangalore
pay_51837852,order_63551839,21-08-2026 11:28,PAYMENT,4499.07,89.98,16.2,4392.89,captured,upi,NO,flipkart,fk_delhi
pay_88961459,order_84346088,08-08-2026 18:14,PAYMENT,45.88,0.92,0.17,44.79,captured,upi,NO,flipkart,fk_kolkata
pay_54349361,order_19510312,17-08-2026 07:17,PAYMENT,3348.2,66.96,12.05,3269.19,failed,wallet,NO,flipkart,fk_mumbai
pay_42614537,order_73481353,14-08-2026 06:06,PAYMENT,493.68,9.87,1.78,482.03,captured,upi,NO,flipkart,fk_mumbai
pay_97705310,order_96728778,04-08-2026 01:25,PAYMENT,3643.79,72.88,13.12,3557.79,captured,wallet,NO,flipkart,fk_bangalore
pay_28814949,order_66623995,06-08-2026 08:29,PAYMENT,1256.53,25.13,4.52,1226.88,captured,upi,NO,flipkart,fk_mumbai
pay_16789850,order_97529405,18-08-2026 00:05,PAYMENT,4632.57,138.98,16.68,4523.24,captured,card,YES,flipkart,fk_bangalore
pay_63826716,order_17869910,06-08-2026 12:00,PAYMENT,4926.69,98.53,17.74,4810.42,captured,wallet,NO,flipkart,fk_delhi
pay_84593961,order_98834863,16-08-2026 04:12,PAYMENT,1490.57,29.81,5.37,1455.39,captured,netbanking,NO,flipkart,fk_mumbai
pay_17672593,order_16729990,19-08-2026 15:32,PAYMENT,4597.74,91.95,16.55,4489.24,captured,card,NO,flipkart,fk_mumbai
pay_19196777,order_89864260,03-08-2026 21:55,REFUND,1183.67,23.67,4.26,-1183.67,refunded,card,NO,flipkart,fk_mumbai
pay_87701200,order_89795010,02-08-2026 19:05,PAYMENT,2101.93,42.04,7.57,2052.32,failed,card,NO,flipkart,fk_delhi
pay_99889098,order_52169044,08-08-2026 08:25,PAYMENT,663.08,13.26,2.39,647.43,failed,upi,NO,flipkart,fk_bangalore
pay_11250299,order_71510041,20-08-2026 18:06,PAYMENT,375.57,7.51,1.35,366.71,failed,upi,NO,flipkart,fk_kolkata
pay_42787299,order_59597086,10-08-2026 05:28,PAYMENT,4170.39,83.41,15.01,4071.97,failed,upi,NO,flipkart,fk_kolkata
pay_99639081,,10-08-2026 21:06,PAYMENT,4695.26,93.91,16.9,4584.45,captured,card,YES,flipkart,fk_mumbai
pay_46553958,order_47816686,20-08-2026 06:45,REFUND,1720.97,34.42,6.2,-1720.97,refunded,wallet,NO,flipkart,fk_bangalore
pay_43704923,order_16818112,03-08-2026 20:27,PAYMENT,4148.45,0.0,0.0,4148.45,captured,netbanking,NO,flipkart,fk_kolkata
pay_31687165,order_69302158,18-08-2026 22:27,PAYOUT,2808.93,5.0,0.9,-2814.83,processed,card,NO,flipkart,fk_mumbai
pay_83227889,order_14835614,12-08-2026 18:35,PAYMENT,748.99,14.98,2.7,731.31,captured,upi,NO,flipkart,fk_mumbai
pay_58024342,order_38195995,08-08-2026 21:06,REFUND,1774.86,35.5,6.39,-1774.86,refunded,card,NO,flipkart,fk_bangalore
pay_41774346,order_31810617,06-08-2026 13:01,PAYMENT,905.01,18.1,3.26,883.65,captured,card,NO,flipkart,fk_bangalore
pay_45810056,order_31367172,04-08-2026 12:55,PAYMENT,203.24,4.06,0.73,198.45,failed,netbanking,NO,flipkart,fk_delhi
pay_50962024,order_40547349,08-08-2026 00:42,REFUND,973.72,19.47,3.5,-973.72,refunded,netbanking,NO,flipkart,fk_delhi
pay_57130035,order_96098221,17-08-2026 12:43,PAYOUT,4905.94,5.0,0.9,-4911.84,processed,upi,NO,flipkart,fk_kolkata
pay_45059710,order_33966966,19-08-2026 08:02,PAYMENT,550.93,11.02,1.98,537.93,captured,upi,NO,flipkart,fk_bangalore
pay_61700055,order_87388337,07-08-2026 08:02,PAYOUT,3546.84,5.0,0.9,-3552.74,processed,card,NO,flipkart,fk_kolkata
pay_58884978,order_67887757,03-08-2026 21:58,REFUND,1657.7,33.15,5.97,-1657.7,refunded,netbanking,NO,flipkart,fk_bangalore
pay_78064830,order_51511484,14-08-2026 10:25,PAYMENT,3489.07,69.78,12.56,3406.73,captured,wallet,NO,flipkart,fk_bangalore
pay_33357554,,19-08-2026 09:25,PAYMENT,2744.21,0.0,0.0,2744.21,captured,netbanking,YES,flipkart,fk_bangalore
pay_72409658,order_69295515,15-08-2026 21:13,PAYOUT,2560.76,5.0,0.9,-2566.66,processed,card,NO,flipkart,fk_bangalore
pay_98429450,order_21381064,10-08-2026 16:42,REFUND,3168.37,63.37,11.41,-3168.37,refunded,card,NO,flipkart,fk_bangalore
pay_51663795,order_40150759,07-08-2026 04:01,PAYMENT,240.61,4.81,0.87,234.93,captured,wallet,NO,flipkart,fk_kolkata
pay_65625330,order_94525678,19-08-2026 06:45,PAYMENT,3484.81,69.7,12.55,3402.56,captured,upi,NO,flipkart,fk_bangalore
pay_24305904,order_67062156,08-08-2026 05:51,PAYMENT,4790.25,95.81,17.25,4677.19,captured,upi,NO,flipkart,fk_delhi
pay_71265269,order_27896471,15-08-2026 21:33,PAYOUT,4939.58,5.0,0.9,-4945.48,processed,wallet,NO,flipkart,fk_mumbai
pay_92228802,order_77750178,14-08-2026 17:28,PAYMENT,4487.07,89.74,16.15,4381.18,disputed,card,YES,flipkart,fk_bangalore
pay_95585469,order_47220099,17-08-2026 15:40,PAYMENT,1203.84,24.08,4.33,1175.43,captured,netbanking,NO,flipkart,fk_mumbai
pay_52910691,order_82498004,03-08-2026 04:09,PAYMENT,1163.99,23.28,4.19,1136.52,captured,wallet,NO,flipkart,fk_kolkata
pay_54410148,order_82828034,15-08-2026 13:03,PAYOUT,1042.1,5.0,0.9,-1048.0,processed,upi,NO,flipkart,fk_delhi
pay_87267850,order_61053877,16-08-2026 00:22,REFUND,1500.08,30.0,5.4,-1500.08,refunded,wallet,NO,flipkart,fk_bangalore
pay_82238741,order_83300637,20-08-2026 07:31,PAYMENT,1104.91,22.1,3.98,1078.83,captured,wallet,NO,flipkart,fk_mumbai
pay_amz_10000000,order_amz_20000000,01-08-2026 00:00,PAYMENT,2185.43,43.71,7.87,2133.85,captured,upi,NO,amazon,az_delhi
pay_amz_10000001,order_amz_20000001,02-08-2026 07:13,PAYMENT,4778.21,95.56,17.2,4665.45,captured,card,NO,amazon,az_mumbai
pay_amz_10000002,order_amz_20000002,03-08-2026 14:26,PAYMENT,3793.97,75.88,13.66,3704.43,captured,netbanking,NO,amazon,az_bangalore
pay_amz_10000003,order_amz_20000003,04-08-2026 21:39,PAYMENT,3193.96,63.88,11.5,3118.58,captured,wallet,NO,amazon,az_hyderabad
pay_amz_10000004,order_amz_20000004,05-08-2026 04:52,PAYMENT,1202.08,24.04,4.33,1173.71,captured,upi,NO,amazon,az_delhi
pay_amz_10000005,order_amz_20000005,06-08-2026 11:05,PAYMENT,1201.98,36.06,6.49,1173.61,captured,card,YES,amazon,az_mumbai
pay_amz_10000006,order_amz_20000006,07-08-2026 18:18,PAYMENT,761.38,15.23,2.74,743.41,captured,netbanking,NO,amazon,az_bangalore
pay_amz_10000007,order_amz_20000007,08-08-2026 01:31,PAYMENT,4397.79,87.96,15.83,4294.0,captured,wallet,NO,amazon,az_hyderabad
pay_amz_10000008,order_amz_20000008,09-08-2026 08:44,PAYMENT,3205.02,64.1,11.54,3129.38,captured,upi,NO,amazon,az_delhi
pay_amz_10000009,order_amz_20000009,10-08-2026 15:57,PAYMENT,3686.33,73.73,13.27,3599.33,captured,card,NO,amazon,az_mumbai
pay_amz_10000010,order_amz_20000010,11-08-2026 22:10,PAYMENT,592.63,11.85,2.13,578.65,captured,netbanking,NO,amazon,az_bangalore
pay_amz_10000011,order_amz_20000011,12-08-2026 05:23,PAYMENT,4864.59,97.29,17.51,4749.79,captured,wallet,NO,amazon,az_hyderabad
pay_amz_10000012,,13-08-2026 12:36,PAYMENT,4245.99,84.92,15.29,4145.78,captured,upi,YES,amazon,az_delhi
pay_amz_10000013,order_amz_20000013,14-08-2026 19:49,PAYMENT,1455.53,29.11,5.24,1421.18,captured,card,NO,amazon,az_mumbai
pay_amz_10000014,order_amz_20000014,15-08-2026 02:02,PAYMENT,1318.21,26.36,4.74,1287.11,captured,netbanking,NO,amazon,az_bangalore
pay_amz_10000015,order_amz_20000015,16-08-2026 09:15,PAYMENT,1325.32,26.51,4.77,1294.04,captured,wallet,NO,amazon,az_hyderabad
pay_amz_10000016,order_amz_20000016,17-08-2026 16:28,PAYMENT,1869.09,37.38,6.73,1824.98,captured,upi,NO,amazon,az_delhi
pay_amz_10000017,order_amz_20000017,18-08-2026 23:41,PAYMENT,2861.4,57.23,10.3,2793.87,captured,card,NO,amazon,az_mumbai
pay_amz_10000018,order_amz_20000018,19-08-2026 06:54,PAYMENT,2443.75,48.88,8.8,2386.07,captured,netbanking,NO,amazon,az_bangalore
pay_amz_10000019,order_amz_20000019,20-08-2026 13:07,PAYMENT,1810.53,36.21,6.52,1767.8,captured,wallet,NO,amazon,az_hyderabad
pay_amz_10000020,order_amz_20000020,21-08-2026 20:20,PAYMENT,3253.34,65.07,11.71,3176.56,disputed,upi,YES,amazon,az_delhi
pay_amz_10000021,order_amz_20000021,01-08-2026 03:33,PAYMENT,1127.72,22.55,4.06,1101.11,captured,card,NO,amazon,az_mumbai
pay_amz_10000022,order_amz_20000022,02-08-2026 10:46,PAYMENT,1814.65,36.29,6.53,1771.83,captured,netbanking,NO,amazon,az_bangalore
pay_amz_10000023,order_amz_20000023,03-08-2026 17:59,PAYMENT,2148.63,42.97,7.73,2097.93,captured,wallet,NO,amazon,az_hyderabad
pay_amz_10000024,order_amz_20000024,04-08-2026 00:12,PAYMENT,2552.31,51.05,9.19,2492.07,captured,upi,NO,amazon,az_delhi
pay_amz_10000025,order_amz_20000025,05-08-2026 07:25,PAYMENT,4033.29,80.67,14.52,0.0,failed,card,NO,amazon,az_mumbai
pay_amz_10000026,order_amz_20000026,06-08-2026 14:38,PAYMENT,1398.53,27.97,5.03,1365.53,captured,netbanking,NO,amazon,az_bangalore
pay_amz_10000027,order_amz_20000027,07-08-2026 21:51,PAYMENT,2814.05,56.28,10.13,2747.64,captured,wallet,NO,amazon,az_hyderabad
pay_amz_10000028,order_amz_20000028,08-08-2026 04:04,PAYMENT,3165.87,63.32,11.4,3091.15,captured,upi,NO,amazon,az_delhi
pay_amz_10000029,order_amz_20000029,09-08-2026 11:17,PAYMENT,709.03,14.18,2.55,692.3,captured,card,NO,amazon,az_mumbai
pay_amz_10000030,order_amz_20000030,10-08-2026 18:30,PAYMENT,3233.95,64.68,11.64,3157.63,captured,netbanking,NO,amazon,az_bangalore
pay_amz_10000031,order_amz_20000031,11-08-2026 01:43,PAYMENT,1267.36,25.35,4.56,1237.45,captured,wallet,NO,amazon,az_hyderabad
pay_amz_10000032,order_amz_20000032,12-08-2026 08:56,PAYMENT,792.73,15.85,2.85,774.03,captured,upi,NO,amazon,az_delhi
pay_amz_10000033,order_amz_20000033,13-08-2026 15:09,PAYMENT,4769.98,95.4,17.17,4657.41,captured,card,NO,amazon,az_mumbai
pay_amz_10000034,order_amz_20000034,14-08-2026 22:22,PAYMENT,4845.34,96.91,17.44,4730.99,captured,netbanking,NO,amazon,az_bangalore
pay_amz_10000035,order_amz_20000035,15-08-2026 05:35,PAYMENT,4137.79,82.76,14.9,4040.13,captured,wallet,NO,amazon,az_hyderabad
pay_amz_10000036,order_amz_20000036,16-08-2026 12:48,PAYMENT,1870.76,37.42,6.74,1826.6,captured,upi,NO,amazon,az_delhi
pay_amz_10000037,order_amz_20000037,17-08-2026 19:01,PAYMENT,939.52,18.79,3.38,917.35,captured,card,NO,amazon,az_mumbai
pay_amz_10000038,order_amz_20000038,18-08-2026 02:14,PAYMENT,3579.05,71.58,12.88,3494.59,captured,netbanking,NO,amazon,az_bangalore
pay_amz_10000039,order_amz_20000039,19-08-2026 09:27,PAYMENT,2480.69,49.61,8.93,2422.15,captured,wallet,NO,amazon,az_hyderabad
pay_amz_10000040,order_amz_20000040,20-08-2026 16:40,PAYMENT,1049.17,20.98,3.78,1024.41,captured,upi,NO,amazon,az_delhi
pay_amz_10000041,order_amz_20000041,21-08-2026 23:53,PAYMENT,2728.3,54.57,9.82,2663.91,captured,card,NO,amazon,az_mumbai
pay_amz_10000042,order_amz_20000042,01-08-2026 06:06,PAYMENT,654.75,13.1,2.36,639.29,captured,netbanking,NO,amazon,az_bangalore
pay_amz_10000043,order_amz_20000043,02-08-2026 13:19,PAYMENT,4591.94,91.84,16.53,4483.57,captured,wallet,NO,amazon,az_hyderabad
pay_amz_10000044,order_amz_20000044,03-08-2026 20:32,PAYMENT,1664.51,33.29,5.99,1625.23,captured,upi,NO,amazon,az_delhi
pay_amz_10000045,order_amz_20000045,04-08-2026 03:45,REFUND,3481.35,0.0,0.0,-3481.35,processed,card,NO,amazon,az_mumbai
pay_amz_10000046,order_amz_20000046,05-08-2026 10:58,REFUND,1902.7,0.0,0.0,-1902.7,processed,card,NO,amazon,az_bangalore
pay_amz_10000047,order_amz_20000047,06-08-2026 17:11,REFUND,2840.31,0.0,0.0,-2840.31,processed,card,NO,amazon,az_hyderabad
pay_amz_10000048,order_amz_20000048,07-08-2026 00:24,REFUND,2960.2,0.0,0.0,-2960.2,processed,card,NO,amazon,az_delhi
pay_amz_10000049,order_amz_20000049,08-08-2026 07:37,REFUND,1331.85,0.0,0.0,-1331.85,processed,card,NO,amazon,az_mumbai
pay_amz_10000050,order_amz_20000050,09-08-2026 14:50,REFUND,4863.13,0.0,0.0,-4863.13,processed,card,NO,amazon,az_bangalore
pay_amz_10000051,order_amz_20000051,10-08-2026 21:03,REFUND,3988.1,0.0,0.0,-3988.1,processed,card,NO,amazon,az_hyderabad
pay_amz_10000052,order_amz_20000052,11-08-2026 04:16,REFUND,4727.75,0.0,0.0,-4727.75,processed,card,NO,amazon,az_delhi
pay_amz_10000053,order_amz_20000053,12-08-2026 11:29,PAYOUT,4526.72,5.0,0.9,-4532.62,processed,netbanking,NO,amazon,az_mumbai
pay_amz_10000054,order_amz_20000054,13-08-2026 18:42,PAYOUT,3190.55,5.0,0.9,-3196.4500000000003,processed,netbanking,NO,amazon,az_bangalore
pay_amz_10000055,order_amz_20000055,14-08-2026 01:55,PAYOUT,4648.43,5.0,0.9,-4654.33,processed,netbanking,NO,amazon,az_hyderabad
pay_amz_10000056,order_amz_20000056,15-08-2026 08:08,PAYOUT,898.22,5.0,0.9,-904.12,processed,netbanking,NO,amazon,az_delhi
pay_amz_10000057,order_amz_20000057,16-08-2026 15:21,PAYOUT,1381.92,5.0,0.9,-1387.8200000000002,processed,netbanking,NO,amazon,az_mumbai
pay_amz_10000058,order_amz_20000058,17-08-2026 22:34,PAYOUT,703.52,5.0,0.9,-709.42,processed,netbanking,NO,amazon,az_bangalore
pay_amz_10000059,order_amz_20000059,18-08-2026 05:47,PAYOUT,1963.99,5.0,0.9,-1969.89,processed,netbanking,NO,amazon,az_hyderabad
